{
  "best_validation_loss": 0.326262,
  "checkpoint_paths": {
    "best_mitigated_model": "artifacts\\best_mitigated_model.pth",
    "mitigated_model": "artifacts\\mitigated_model.pth"
  },
  "epochs": 1,
  "fairness_weights": {
    "Female_0-19_Dark": 0.841145,
    "Female_0-19_Light": 0.570349,
    "Female_0-19_Medium": 0.288462,
    "Female_20-39_Dark": 0.533847,
    "Female_20-39_Light": 0.186399,
    "Female_20-39_Medium": 0.160026,
    "Female_40-59_Dark": 2.669233,
    "Female_40-59_Light": 1.352652,
    "Female_40-59_Medium": 0.699974,
    "Female_60+_Dark": 3.281844,
    "Female_60+_Light": 1.836628,
    "Female_60+_Medium": 0.914121,
    "Male_0-19_Dark": 0.794415,
    "Male_0-19_Light": 0.496756,
    "Male_0-19_Medium": 0.281565,
    "Male_20-39_Dark": 0.601179,
    "Male_20-39_Light": 0.225188,
    "Male_20-39_Medium": 0.137589,
    "Male_40-59_Dark": 2.129707,
    "Male_40-59_Light": 0.767021,
    "Male_40-59_Medium": 0.401993,
    "Male_60+_Dark": 3.512149,
    "Male_60+_Light": 0.830674,
    "Male_60+_Medium": 0.487086
  },
  "final_training_loss": 0.319137,
  "rebalancing_summary": {
    "balanced_rows": 34920,
    "balanced_subgroup_counts": {
      "Female_0-19_Dark": 1455,
      "Female_0-19_Light": 1455,
      "Female_0-19_Medium": 1455,
      "Female_20-39_Dark": 1455,
      "Female_20-39_Light": 1455,
      "Female_20-39_Medium": 1455,
      "Female_40-59_Dark": 1455,
      "Female_40-59_Light": 1455,
      "Female_40-59_Medium": 1455,
      "Female_60+_Dark": 1455,
      "Female_60+_Light": 1455,
      "Female_60+_Medium": 1455,
      "Male_0-19_Dark": 1455,
      "Male_0-19_Light": 1455,
      "Male_0-19_Medium": 1455,
      "Male_20-39_Dark": 1455,
      "Male_20-39_Light": 1455,
      "Male_20-39_Medium": 1455,
      "Male_40-59_Dark": 1455,
      "Male_40-59_Light": 1455,
      "Male_40-59_Medium": 1455,
      "Male_60+_Dark": 1455,
      "Male_60+_Light": 1455,
      "Male_60+_Medium": 1455
    },
    "original_rows": 10486,
    "original_subgroup_counts": {
      "Female_0-19_Dark": 238,
      "Female_0-19_Light": 351,
      "Female_0-19_Medium": 694,
      "Female_20-39_Dark": 375,
      "Female_20-39_Light": 1074,
      "Female_20-39_Medium": 1251,
      "Female_40-59_Dark": 75,
      "Female_40-59_Light": 148,
      "Female_40-59_Medium": 286,
      "Female_60+_Dark": 61,
      "Female_60+_Light": 109,
      "Female_60+_Medium": 219,
      "Male_0-19_Dark": 252,
      "Male_0-19_Light": 403,
      "Male_0-19_Medium": 711,
      "Male_20-39_Dark": 333,
      "Male_20-39_Light": 889,
      "Male_20-39_Medium": 1455,
      "Male_40-59_Dark": 94,
      "Male_40-59_Light": 261,
      "Male_40-59_Medium": 498,
      "Male_60+_Dark": 57,
      "Male_60+_Light": 241,
      "Male_60+_Medium": 411
    },
    "seed": 42,
    "subgroup_weights": {
      "Female_0-19_Dark": 0.841145,
      "Female_0-19_Light": 0.570349,
      "Female_0-19_Medium": 0.288462,
      "Female_20-39_Dark": 0.533847,
      "Female_20-39_Light": 0.186399,
      "Female_20-39_Medium": 0.160026,
      "Female_40-59_Dark": 2.669233,
      "Female_40-59_Light": 1.352652,
      "Female_40-59_Medium": 0.699974,
      "Female_60+_Dark": 3.281844,
      "Female_60+_Light": 1.836628,
      "Female_60+_Medium": 0.914121,
      "Male_0-19_Dark": 0.794415,
      "Male_0-19_Light": 0.496756,
      "Male_0-19_Medium": 0.281565,
      "Male_20-39_Dark": 0.601179,
      "Male_20-39_Light": 0.225188,
      "Male_20-39_Medium": 0.137589,
      "Male_40-59_Dark": 2.129707,
      "Male_40-59_Light": 0.767021,
      "Male_40-59_Medium": 0.401993,
      "Male_60+_Dark": 3.512149,
      "Male_60+_Light": 0.830674,
      "Male_60+_Medium": 0.487086
    }
  },
  "subgroup_rebalancing_enabled": true,
  "validation_loss": 0.326262,
  "weighted_triplet_loss_enabled": true
}